DROP TABLE VOISIN;
DROP TABLE VOISIN_ESCALIER;
DROP TABLE Escalier_Salle;
DROP TABLE POSITION;
DROP TABLE SALLE;
DROP TABLE ESCALIER;



CREATE TABLE Salle(
	id integer PRIMARY KEY,
	nom varchar,
	geom geometry,
	type_salle varchar,
	etage integer
);

CREATE TABLE Escalier(
	id integer NOT NULL PRIMARY KEY,
	geom geometry,
	etage_courant integer,
    etage_destination integer
);

CREATE TABLE Voisin(
	id integer NOT NULL PRIMARY KEY REFERENCES Salle(id),
	idVoisinD integer REFERENCES Salle(id),
	idVoisinG integer REFERENCES Salle(id),
	idVoisinF integer REFERENCES Salle(id)
);

CREATE TABLE VOISIN_ESCALIER(
    id integer NOT NULL PRIMARY KEY REFERENCES Salle(id),
    idEscalier integer REFERENCES Escalier(id),
    direction varchar
);

CREATE TABLE Escalier_Salle(
    id integer NOT NULL PRIMARY KEY REFERENCES Escalier(id),
    idVoisinD integer REFERENCES Salle(id),
    idVoisinF integer REFERENCES Escalier(id),
    idVoisinG integer REFERENCES Salle(id)
);

CREATE TABLE POSITION(
    id integer PRIMARY KEY,
    geom geometry,
    idsalle integer REFERENCES Salle(id),
    idescalier integer REFERENCES Escalier(id)
);


INSERT INTO SALLE VALUES
    (0, null, null, null, null),
	(1, 'E01', 'POLYGON((0 0, 1 0, 1 1, 0 1, 0 0))','Salle de TP',  0),
	(2, 'E02', 'POLYGON((0 0, 1 0, 1 -1, 0 -1, 0 0))','Salle de TP', 0),
	(3, 'Amphi Herbrand', 'POLYGON((0 -1, 1 -1, 1 -2, 0 -2, 0 -1))','Amphi', 0),
	(4, 'E04', 'POLYGON((2 0, 3 0, 3 1, 2 1, 2 0))','Salle de TD', 0),
	(5, 'WC', 'POLYGON((2 0, 3 0, 3 -1, 2 -1, 2 0))','Toilettes', 0),
	(6, 'Infirmerie', 'POLYGON((2 -1, 3 -1, 3 -2, 2 -2, 2 -1))','Infirmerie', 0),
	(7, 'Bureau directeur', 'POLYGON((2 0, 3 0, 3 1, 2 1, 2 0))','Administration', 1),
	(8, 'Secretariat', 'POLYGON((2 0, 3 0, 3 -1, 2 -1, 2 0))','Administration', 1),
	(9, 'Salle de réunion', 'POLYGON((0 0, 1 0, 1 -1, 0 -1, 0 0))','Administration', 1),
	(10, 'E11', 'POLYGON((0 0, 1 0, 1 1, 0 1, 0 0))','Salle de TD', 1);

INSERT INTO Escalier VALUES
    (0, null, null, null),
	(11, 'POLYGON((0 1, 1 1, 1 1.5, 0 1.5, 0 1))', 0, 1),
	(12, 'POLYGON((0 1, 1 1, 1 1.5, 0 1.5, 0 1))', 1, 0);

INSERT INTO Voisin VALUES
    (1, 2, 0, 4),
    (2, 3, 1, 5),
    (3, 0, 2, 6),
    (4, 0, 5, 1),
    (5, 4, 6, 2),
    (6, 5, 0, 3),
    (7, 0, 8, 10),
    (8, 7, 0, 9),
    (9, 0, 10, 8),
    (10, 9, 0, 7);

INSERT INTO VOISIN_ESCALIER VALUES
    (1, 11, 'gauche'),
    (10, 12, 'gauche');

INSERT INTO Escalier_Salle VALUES
    (11, 1, 12, 0),
    (12, 10, 11, 0);

INSERT INTO POSITION VALUES
    (1, 'POINT(0.5 0.5)', 1, 0);